year,jan,feb,mar,april,may,june,july,aug,sep,oct,nov,dec,mean
1861,285.0905,285.4199,286.1318,286.7755,287.7496,288.4633,288.7443,288.4483,287.6093,286.4771,285.5471,285.1486,286.800441666667
1862,285.1783,285.7296,286.2127,286.9847,287.7657,288.5347,288.8517,288.5793,287.718,286.6093,285.4926,285.2031,286.904975
1863,285.2193,285.6834,286.4841,287.1052,288.0025,288.5725,288.835,288.6171,287.6974,286.4918,285.4317,284.8584,286.916533333333
1864,285.1588,285.5143,286.0553,286.9774,287.8149,288.4259,288.7962,288.3114,287.643,286.5251,285.4645,285.0309,286.809808333333
1865,285.1645,285.5061,286.2095,287.0424,287.7473,288.4665,288.8483,288.5185,287.7292,286.5716,285.4696,285.314,286.882291666667
1866,285.4614,285.8668,286.5387,287.2707,287.9613,288.645,288.8787,288.5832,287.8191,286.6525,285.6,285.2114,287.040733333333
1867,285.3967,285.6842,286.3274,287.274,288.0942,288.7768,288.9076,288.5011,287.7594,286.6381,285.6162,285.1056,287.006775
1868,285.1221,285.5183,286.3246,286.9488,287.752,288.5089,288.8586,288.5555,287.7939,286.6558,285.7099,285.099,286.90395
1869,285.2176,285.8115,286.2372,287.1608,287.984,288.6969,288.8329,288.7144,287.8938,286.8909,285.8452,285.2221,287.042275
1870,285.5123,285.6054,286.1937,287.0632,287.9166,288.6947,289.0457,288.7535,287.9426,286.9305,285.9048,285.4,287.08025
1871,285.5021,285.7641,286.3649,287.245,288.1398,288.6722,288.8712,288.5519,287.8663,286.6622,285.5719,285.1597,287.030941666667
1872,285.2118,285.4163,286.062,286.883,287.7389,288.3573,288.6278,288.5453,287.8112,286.5934,285.5709,285.1529,286.8309
1873,285.2124,285.7164,286.4249,287.1124,287.9208,288.6018,288.7635,288.5351,287.7013,286.7968,285.7136,285.2847,286.981975
1874,285.4757,285.7999,286.314,287.2251,287.9387,288.6528,288.9148,288.6257,287.8522,286.7964,285.8495,285.1956,287.053366666667
1875,285.2471,285.7507,286.5882,287.2533,288.2424,288.9366,288.8343,288.5846,287.8625,286.6714,285.6627,285.0036,287.053116666667
1876,285.0516,285.2535,285.9141,286.7592,287.7347,288.4089,288.6854,288.6216,287.756,286.6447,285.4974,284.9088,286.769658333333
1877,285.1461,285.4142,286.1501,287.0817,287.7447,288.3689,288.5479,288.4886,287.7673,286.5805,285.5122,285.0095,286.817641666667
1878,285.0191,285.3037,286.028,286.8255,287.5567,288.432,288.6982,288.4323,287.5873,286.4168,285.2633,284.7068,286.689141666667
1879,285.0471,285.3857,286.1045,286.8085,287.8586,288.6151,288.8705,288.6315,287.7995,286.5783,285.4884,285.1485,286.86135
1880,285.3638,285.4109,286.0704,286.9091,287.9481,288.5489,288.8834,288.5876,287.8217,286.6045,285.5092,285.0085,286.888841666667
1881,285.2862,285.3715,286.09,286.7582,287.7374,288.3645,288.6416,288.5307,287.7735,286.5818,285.5432,285.0663,286.812075
1882,285.354,285.5522,285.9751,286.9149,287.8464,288.5541,288.8036,288.5127,287.7702,286.7415,285.526,285.0786,286.885775
1883,285.1759,285.5403,286.1328,286.9362,287.8535,288.6544,288.8686,288.5722,287.8089,286.652,285.4741,284.9539,286.885233333333
1884,285.233,285.48,286.1523,286.7209,287.5461,288.2303,288.3516,288.1734,287.2851,286.0258,284.9451,284.5024,286.553833333333
1885,284.7847,284.9728,285.493,286.5018,287.5324,288.1198,288.5823,288.312,287.4278,286.1555,285.1063,284.5508,286.4616
1886,284.6156,284.8992,285.8972,286.87,287.7549,288.3665,288.5978,288.3501,287.5219,286.4138,285.1773,284.7429,286.6006
1887,284.4519,285.0251,285.6855,286.6088,287.4703,288.1662,288.5252,288.355,287.5969,286.2636,285.1382,284.5177,286.4837
1888,284.7694,285.1036,285.8476,286.7086,287.684,288.2758,288.4995,288.4427,287.6199,286.3541,285.3255,284.8828,286.626125
1889,285.091,285.3145,285.8884,286.7528,287.5655,288.2651,288.6282,288.3875,287.584,286.3959,285.3616,285.0567,286.690933333333
1890,285.1289,285.4442,286.3046,287.0635,287.9286,288.5944,288.9004,288.5654,287.6944,286.4886,285.549,285.0117,286.889475
1891,285.214,285.494,286.0678,286.8969,287.9055,288.5503,288.8356,288.5301,287.6332,286.505,285.5449,285.049,286.852191666667
1892,285.2672,285.4505,286.1711,286.9544,287.7833,288.4589,288.6713,288.4218,287.529,286.413,285.3376,284.8093,286.772283333333
1893,284.8015,285.2908,285.9394,286.9814,287.8214,288.4426,288.7953,288.5037,287.742,286.4718,285.4923,284.9772,286.771616666667
1894,285.2836,285.5325,286.1564,286.9396,287.8738,288.5763,288.8308,288.6717,287.8228,286.6709,285.7024,285.2823,286.945258333333
1895,285.2366,285.7957,286.5195,287.3234,288.1929,288.7815,289.0739,288.7077,287.8538,286.711,285.7827,285.4648,287.120291666667
1896,285.5582,285.9959,286.5088,287.5194,288.4547,289.0984,289.123,288.7336,287.8474,286.8007,285.7736,285.3684,287.231841666667
1897,285.2441,285.451,286.1149,287.0396,287.8971,288.422,288.7133,288.5541,287.701,286.4596,285.4906,285.0676,286.846241666667
1898,284.9199,285.3601,286.0211,286.9074,287.8409,288.4957,288.8834,288.6895,287.9689,286.7083,285.7006,285.2043,286.891675
1899,285.2184,285.6692,286.302,287.2352,288.1073,288.7682,289.082,288.7076,287.8194,286.5902,285.6817,285.2726,287.037816666667
1900,285.5024,286.0536,286.569,287.4782,288.1973,288.7182,288.9254,288.6262,287.8128,286.8231,285.6574,285.0029,287.113875
1901,285.3408,285.7979,286.2858,287.1491,287.9512,288.5322,288.9086,288.6363,287.8184,286.6838,285.614,285.3198,287.003158333333
1902,285.2009,285.6889,286.4241,287.2178,287.9413,288.6564,288.8772,288.7712,287.8655,286.727,285.6452,284.9181,286.994466666667
1903,285.1868,285.268,286.08,286.8595,287.7,288.4418,288.6706,288.367,287.6289,286.3577,285.4416,284.907,286.742408333333
1904,284.9997,285.3447,285.8201,286.8148,287.8159,288.4519,288.7012,288.4359,287.6688,286.6206,285.4073,285.0589,286.76165
1905,285.1773,285.6372,286.3101,286.9827,288.1632,288.7808,288.9858,288.8151,287.9737,286.8116,285.8475,285.3633,287.070691666667
1906,285.4392,285.8152,286.587,287.3203,288.2019,288.8416,289.0741,288.7463,287.9821,286.667,285.4713,285.0701,287.101341666667
1907,285.1822,285.5434,286.0864,286.931,287.9523,288.4639,288.7783,288.5344,287.8435,286.6534,285.7697,285.1942,286.911058333333
1908,285.2975,285.4279,286.3181,286.915,287.8756,288.5338,288.8508,288.7051,287.8052,286.6104,285.7008,285.1758,286.934666666667
1909,285.2743,285.7083,286.2234,286.9855,287.93,288.6762,289.004,288.6727,287.9023,286.8187,285.8377,285.1604,287.016125
1910,285.2405,285.7388,286.3628,287.1082,287.9775,288.7913,288.9324,288.7842,287.9218,286.7346,285.7781,285.4578,287.069
1911,285.3597,285.7368,286.3901,287.3171,288.3708,289.0392,288.9877,288.8362,287.9378,286.7925,285.8951,285.4573,287.176691666667
1912,285.3408,285.8192,286.1615,287.1158,288.0359,288.6438,288.7628,288.5759,287.8452,286.5838,285.5399,284.785,286.934133333333
1913,284.9642,285.278,286.0848,286.9428,287.717,288.3914,288.8303,288.5425,287.7749,286.5857,285.6724,285.3703,286.846191666667
1914,285.4527,285.6971,286.3976,287.3411,288.0049,288.723,288.9049,288.6692,287.7688,286.6976,285.6006,285.1128,287.030858333333
1915,285.1998,285.5662,286.3419,287.1872,287.9617,288.7964,289.0986,288.7887,288.0251,286.8924,285.8905,285.3762,287.093725
1916,285.4395,285.7077,286.5635,287.2401,288.105,288.7629,288.9525,288.8851,287.9428,286.7802,285.8222,285.1526,287.112841666667
1917,285.2768,285.5914,286.3942,287.27,288.0487,288.7648,288.9806,288.7778,287.8717,286.7242,285.7402,285.281,287.060116666667
1918,285.4791,285.989,286.5369,287.2742,288.0123,288.6881,288.8991,288.8336,287.893,286.8683,285.7891,285.277,287.128308333333
1919,285.26,285.6671,286.3249,287.0192,287.9598,288.7309,289.0687,288.8465,287.8966,286.8265,285.7653,285.5095,287.072916666667
1920,285.3704,285.9639,286.3875,287.2539,288.1591,288.7896,288.9063,288.7576,287.8894,286.826,285.851,285.4984,287.137758333333
1921,285.6212,286.0047,286.6173,287.2836,288.1589,288.7626,288.9525,288.7021,287.7677,286.7198,285.7354,285.3131,287.136575
1922,285.5094,285.8414,286.5669,287.1915,288.153,288.7729,289.0112,288.7668,287.9251,286.8297,285.5841,285.2779,287.119158333333
1923,285.3765,285.7281,286.3596,287.2151,288.009,288.7003,288.836,288.6318,287.7908,286.6671,285.7448,285.3961,287.037933333333
1924,285.409,285.6367,286.1994,286.9897,287.9312,288.7938,289.0606,288.714,287.9173,286.7326,285.7023,285.1416,287.019016666667
1925,285.2742,285.4909,286.0101,286.8676,287.8939,288.6922,288.9152,288.6997,287.8716,286.8064,285.6799,285.4013,286.966916666667
1926,285.3914,285.8759,286.6756,287.343,288.1968,288.9365,289.0431,288.8462,288.1046,287.057,286.0846,285.5975,287.262683333333
1927,285.6559,286.2764,286.9056,287.7448,288.4273,289.1481,289.1685,288.95,288.09,286.9427,285.8504,285.356,287.376308333333
1928,285.452,285.4072,286.3569,287.251,288.0188,288.6368,288.8064,288.58,287.8063,286.5901,285.6519,285.1734,286.977566666667
1929,285.0526,285.4783,286.1845,287.1049,287.9418,288.6654,289.0532,288.7232,287.8747,286.7423,285.9103,285.3266,287.004816666667
1930,285.3466,285.7835,286.2956,287.2011,288.2249,288.8708,289.0604,288.7611,288.0014,286.7568,285.6526,285.2368,287.0993
1931,285.3575,285.5498,286.1544,287.0838,287.8692,288.6395,288.9709,288.6311,287.9074,286.6825,285.7679,285.3766,286.999216666667
1932,285.4895,285.9301,286.3846,287.1037,287.9586,288.8453,289.0274,288.7784,287.9721,286.8477,285.9898,285.6259,287.162758333333
1933,285.6171,286.0884,286.7808,287.5606,288.4041,288.9111,289.1808,288.7056,287.8694,286.683,285.694,285.0013,287.208016666667
1934,285.2454,285.3176,286.1693,287.1775,288.052,288.5869,288.8793,288.6161,287.7219,286.6114,285.7053,285.2327,286.94295
1935,285.1139,285.4361,286.187,286.9897,287.9176,288.7301,288.9236,288.7213,288.005,286.7375,285.5823,285.3002,286.970358333333
1936,285.3149,285.8864,286.5771,287.3292,288.2531,289.0567,289.2473,289.0173,288.1935,287.038,286.0181,285.5345,287.288841666667
1937,285.6925,286.1898,286.7236,287.5916,288.5803,289.2065,289.4474,289.1108,288.0713,286.7562,285.8442,285.55,287.397016666667
1938,285.1669,285.4695,286.4372,287.1307,287.9173,288.7274,288.9395,288.6368,287.7927,286.6236,285.4286,284.9449,286.934591666667
1939,284.9398,285.3668,286.1818,287.0923,287.9006,288.5675,288.8715,288.5814,287.86,286.6891,285.6507,285.2067,286.909016666667
1940,285.1665,285.5056,286.1057,287.0139,287.9622,288.8134,289.0658,288.8618,287.975,286.6997,285.5676,285.4057,287.011908333333
1941,285.2888,285.551,286.4641,287.2606,288.08,288.6767,288.971,288.6714,287.8113,286.8543,285.7276,285.2688,287.052133333333
1942,285.6366,286.0661,286.5615,287.5001,288.3316,288.9344,289.1128,288.7158,287.9792,286.7993,285.7692,285.0997,287.208858333333
1943,285.2719,285.5574,286.308,287.2183,287.8964,288.5169,288.7827,288.4272,287.7695,286.5727,285.6115,284.9996,286.911008333333
1944,285.023,285.495,286.1592,286.9891,287.9586,288.5826,288.9558,288.778,287.8906,286.7541,285.7813,285.417,286.982025
1945,285.5617,285.8872,286.4302,287.3536,288.3752,289.1671,289.2866,288.9379,287.963,287.0215,285.8831,285.4908,287.279825
1946,285.6386,285.8747,286.6848,287.3617,288.2027,288.7496,288.8556,288.5751,287.7454,286.6692,285.4137,285.0993,287.072533333333
1947,285.089,285.5273,286.1051,287.1217,288.0186,288.7212,288.9598,288.786,287.9987,287.0023,285.8719,285.3558,287.04645
1948,285.7401,285.929,286.445,287.3002,288.2188,288.7957,289.1474,288.8337,288.0684,287.0145,285.8337,285.271,287.216458333333
1949,285.2717,285.5973,286.3011,287.0667,287.9241,288.5558,288.8773,288.5491,287.7157,286.7041,285.8055,285.1922,286.963383333333
1950,285.2344,285.8291,286.2403,287.111,287.938,288.6565,288.8625,288.7568,287.9006,286.8424,285.8568,285.3441,287.047708333333
1951,285.3224,285.5606,286.4411,287.0912,288.0449,288.7493,288.9497,288.7495,288.1125,286.9252,285.8694,285.6423,287.121508333333
1952,285.8194,286.0448,286.7263,287.5699,288.4852,289.1498,289.1588,288.8503,288.1488,286.9589,286.0698,285.5399,287.376825
1953,285.6657,286.0606,286.526,287.256,288.1049,288.7878,288.994,288.7604,288.0011,286.8236,285.7636,285.5297,287.18945
1954,285.4193,285.7152,286.5204,287.1894,288.0848,288.6487,288.9749,288.7233,287.9932,286.7668,285.8981,285.2249,287.096583333333
1955,285.2629,285.6597,286.3744,287.272,288.0896,288.786,288.9394,288.734,287.9974,286.8293,285.6295,285.1953,287.064125
1956,285.4723,285.7263,286.2974,287.1663,288.0554,288.7501,288.9213,288.7549,288.0765,287.0164,285.8912,285.5854,287.142791666667
1957,285.5443,286.1254,286.7829,287.5415,288.401,289.0227,289.2204,288.9856,288.1794,287.2061,286.0364,285.5652,287.384241666667
1958,285.7839,285.9234,286.4584,287.21,288.0014,288.7548,288.8964,288.7101,287.9508,286.8157,285.8817,285.6107,287.166441666667
1959,285.6081,285.8773,286.2649,287.0936,288.0739,288.7033,288.8956,288.8252,288.0856,286.9991,285.9863,285.3657,287.148216666667
1960,285.6424,286.2471,286.7321,287.572,288.3332,288.9305,289.1711,289.0122,288.2243,287.0631,286.1768,285.6613,287.397175
1961,285.5579,286.1488,286.8481,287.6809,288.4697,289.0682,289.3078,288.9902,288.0646,286.975,285.9111,285.5215,287.37865
1962,285.5449,285.9701,286.6327,287.37,287.9919,288.6754,288.7766,288.6478,287.8354,286.7109,285.6958,285.2286,287.090008333333
1963,285.2375,285.5542,286.1969,287.1292,287.9213,288.6192,288.8298,288.6686,287.8059,286.6652,285.6641,285.0702,286.946841666667
1964,285.0977,285.3336,286.0075,286.9319,287.6855,288.2981,288.5796,288.4043,287.6287,286.5027,285.4753,284.9471,286.741
1965,285.0756,285.4039,286.0989,287.0562,287.9276,288.465,288.7954,288.6049,287.8066,286.5918,285.5403,285.4215,286.898975
1966,285.4217,285.8633,286.5896,287.1413,288.1882,288.9446,288.9905,288.7496,287.8432,286.6652,285.6645,285.2074,287.105758333333
1967,285.1324,285.5187,286.204,287.0511,287.9432,288.6544,288.8956,288.7124,287.8411,286.7415,285.6436,285.192,286.960833333333
1968,284.9041,285.5733,286.2523,287.0611,287.796,288.648,288.8244,288.6097,287.8292,286.6711,285.595,285.1028,286.905583333333
1969,285.4537,285.5154,286.1439,286.8996,287.9121,288.6308,288.8459,288.665,287.7366,286.6603,285.7063,285.1004,286.939166666667
1970,285.3902,285.6416,286.2366,287.075,287.9903,288.6853,288.9098,288.6566,287.8456,286.7245,285.6346,285.2186,287.000725
1971,285.4938,285.8318,286.3094,287.138,288.103,288.7347,288.9183,288.6971,287.8959,286.7672,285.7864,285.3415,287.084758333333
1972,285.3843,285.53,286.2013,287.0942,288.0746,288.7749,289.0547,288.7441,288.1079,286.893,285.9638,285.5791,287.116825
1973,285.6089,286.0031,286.6749,287.4958,288.4654,288.9906,289.2901,289.0064,288.1481,286.9338,286.0112,285.4913,287.3433
1974,285.4601,285.9557,286.6152,287.1694,288.0804,288.839,289.0616,288.7314,287.9093,286.7743,285.8937,285.172,287.138508333333
1975,285.1942,285.4222,286.1957,287.0664,288.0588,288.5775,289.0189,288.7562,287.9586,286.8608,285.6505,285.1947,286.996208333333
1976,285.1204,285.6123,286.1422,287.083,287.9733,288.8551,289.1,288.8768,287.9513,286.8235,285.8439,285.337,287.0599
1977,285.3698,285.9697,286.6153,287.254,288.2161,289.0014,289.2181,288.8991,288.11,286.949,286.1254,285.4594,287.265608333333
1978,285.5747,285.8126,286.58,287.4915,288.2193,288.95,289.1792,288.9233,288.023,286.947,285.9768,285.4798,287.2631
1979,285.4854,285.8325,286.5408,287.2726,288.1276,288.8807,289.228,288.8712,288.3035,287.0447,286.0652,285.4078,287.255
1980,285.4286,286.0939,286.6392,287.5056,288.3382,288.9602,289.264,288.9634,288.0811,286.9437,285.8474,285.4739,287.294933333333
1981,285.3483,285.8124,286.4788,287.2875,288.2078,288.801,289.0152,288.8818,288.104,287.0528,286.043,285.409,287.203466666667
1982,285.5513,286.1005,286.7092,287.6388,288.3872,288.9155,289.1803,288.9992,288.1829,287.0269,285.9872,285.5601,287.353258333333
1983,285.6432,286.0939,286.5651,287.3892,288.2229,288.7639,289.155,288.9103,288.0781,287.083,286.0437,285.6068,287.296258333333
1984,285.613,285.901,286.5234,287.4774,288.3616,288.9619,289.2828,288.9695,288.0234,286.8177,286.0409,285.5214,287.291166666667
1985,285.4568,285.8261,286.1149,287.1487,288.0889,288.826,289.1061,288.8131,288.0226,286.9787,286.0383,285.5771,287.166441666667
1986,285.7,285.8841,286.4607,287.3961,288.3378,288.893,289.1694,288.9948,288.1185,287.1395,286.174,285.6125,287.323366666667
1987,285.9225,286.1957,286.7735,287.5383,288.4635,289.1725,289.3749,289.1414,288.5195,287.3496,286.4358,285.8586,287.56215
1988,286.0648,286.4535,287.0834,287.721,288.6375,289.4325,289.459,289.1857,288.4794,287.2276,285.9683,285.5523,287.605416666667
1989,285.3779,285.8149,286.4616,287.3012,288.1398,288.7912,289.057,288.8889,288.1248,286.9077,285.8592,285.1741,287.158191666667
1990,285.2473,285.8445,286.542,287.4465,288.2134,288.8608,289.2289,289.0049,288.2552,287.2056,286.0339,285.5727,287.287975
1991,285.8716,286.3946,286.9394,287.592,288.461,289.1186,289.4489,289.1517,288.3704,287.3068,286.3239,285.6961,287.55625
1992,285.9093,286.128,286.7851,287.6113,288.4145,289.0918,289.2494,288.7422,287.9642,286.8051,285.8663,285.3678,287.327916666667
1993,285.2645,285.7154,286.433,287.3419,288.2276,288.8078,289.0982,288.7701,287.9697,286.9001,285.8182,285.4668,287.151108333333
1994,285.2588,285.7648,286.2987,287.3404,288.2601,288.8258,289.1652,289.0045,288.1645,287.1154,286.0903,285.6637,287.246016666667
1995,285.5875,285.913,286.4628,287.42,288.2895,289.0287,289.2266,289.1024,288.3517,287.1801,286.2127,285.6717,287.370558333333
1996,286.0863,286.4439,286.974,287.9511,288.7648,289.3754,289.5939,289.3158,288.4817,287.4116,286.4429,285.9714,287.7344
1997,286.1686,286.5032,287.0089,287.8709,288.603,289.3898,289.5732,289.2545,288.33,287.4181,286.5374,285.8837,287.711775
1998,285.7168,286.1724,286.8987,287.6589,288.5573,289.0872,289.3039,288.9944,288.302,287.0484,286.167,285.5316,287.453216666667
1999,285.6799,286.0507,286.723,287.6734,288.3932,289.1252,289.3479,289.2782,288.3035,287.3075,286.2677,285.9291,287.506608333333
2000,285.9364,286.3154,286.9459,287.7078,288.8007,289.3556,289.6718,289.3423,288.6023,287.5385,286.6371,286.277,287.7609
2001,286.3243,286.4146,287.0602,287.7589,288.6874,289.3717,289.6855,289.3753,288.6637,287.7275,286.7991,286.19,287.838183333333
2002,286.1526,286.3415,287.2389,288.0396,288.8803,289.6218,289.6703,289.3312,288.6139,287.5772,286.675,285.9753,287.843133333333
2003,285.9072,286.3119,286.715,287.5798,288.4098,289.1289,289.4203,289.195,288.5316,287.4425,286.2483,285.9014,287.565975
2004,285.9875,286.3083,286.7665,287.5768,288.5167,289.3607,289.5238,289.3174,288.5975,287.5089,286.5583,285.963,287.66545
2005,286.2549,286.4781,286.9663,287.8504,288.6983,289.3827,289.6507,289.3584,288.5195,287.5064,286.4451,285.9299,287.753391666667
2006,286.0208,286.3726,286.9961,287.7635,288.5418,289.3702,289.6528,289.4407,288.7544,287.656,286.7504,286.3029,287.80185
2007,286.3948,286.7367,287.3232,288.0998,288.8514,289.5862,289.7261,289.5052,288.6372,287.547,286.5711,286.0896,287.922358333333
2008,286.0746,286.1843,286.8802,287.7263,288.6248,289.1336,289.3679,289.0491,288.3546,287.2897,286.1455,285.7494,287.548333333333
2009,285.5931,285.9509,286.7623,287.546,288.5406,289.114,289.5852,289.3899,288.561,287.6159,286.4813,285.9822,287.593533333333
2010,286.2216,286.6203,287.2013,288.0124,288.9163,289.6271,289.8422,289.4731,288.6837,287.5314,286.5917,286.1863,287.90895
2011,286.1837,286.739,287.2846,287.9369,288.9273,289.4248,289.6376,289.3554,288.4928,287.4892,286.287,285.97,287.810691666667
2012,285.9398,286.1395,286.7626,287.7104,288.5596,289.2883,289.5453,289.364,288.6845,287.5845,286.4715,285.9221,287.664341666667
2013,286.2774,286.3943,287.1792,287.9567,288.8417,289.4421,289.665,289.3909,288.5856,287.4724,286.585,286.1513,287.828466666667
2014,286.2545,286.2947,287.0492,287.8408,288.7195,289.433,289.6631,289.4875,288.7763,287.6907,286.8022,286.451,287.871875
2015,286.4991,286.9464,287.592,288.312,289.3096,289.9554,290.1009,289.8194,288.9376,287.8107,286.8374,286.1353,288.187983333333
2016,286.1327,286.54,286.9423,287.7752,288.6127,289.3114,289.5932,289.5731,288.7503,287.7431,286.7626,286.1653,287.825158333333
2017,286.3975,286.411,287.1843,288.0268,288.9001,289.6317,289.7845,289.693,289.0162,287.9769,286.9505,286.3368,288.025775
2018,286.3557,286.6633,287.1849,288.1446,288.9177,289.5815,289.7025,289.4288,288.7397,287.5128,286.4248,286.1028,287.896591666667
2019,285.8784,286.0737,286.9852,287.8129,288.5234,289.2773,289.6375,289.4823,288.6205,287.5926,286.6583,286.2726,287.734558333333
2020,286.1558,286.3576,287.1235,287.9387,288.8566,289.4675,289.6996,289.5392,288.7621,287.7418,286.7448,286.1913,287.881541666667
2021,286.4742,286.7954,287.2989,288.1053,289.0798,289.8978,290.0045,289.6579,288.9667,287.8871,287.0236,286.6333,288.152041666667
2022,286.7442,287.1215,287.4206,288.4038,289.1411,289.7522,290.0588,289.8064,288.974,287.9067,286.9124,286.4589,288.22505
2023,286.5724,286.9003,287.3719,288.0581,288.8542,289.5043,289.8403,289.6142,288.8255,287.8036,286.8571,286.3029,288.042066666667
2024,286.4453,286.7234,287.1715,288.134,288.9224,289.547,289.7415,289.5349,288.7699,287.7918,286.864,286.3672,288.001075
2025,286.586,287.0717,287.5482,288.289,289.2621,289.7705,290.1655,289.9005,288.9955,288.1088,287.3479,286.8662,288.325991666667
2026,286.7615,287.0391,287.8835,288.4546,289.3698,289.8383,290.0201,289.7383,288.9402,287.8594,286.79,286.3766,288.25595
2027,286.3132,286.3332,287.089,287.9919,288.8707,289.3712,289.8044,289.5728,288.8209,287.9116,286.876,286.3106,287.938791666667
2028,286.2531,286.5374,287.2653,288.2054,289.0854,289.6201,289.8982,289.8607,289.0272,287.9954,286.8323,286.532,288.092708333333
2029,286.8169,286.9157,287.5459,288.2773,289.0531,289.7722,289.9619,289.711,288.94,287.8949,287.0487,286.558,288.207966666667
2030,286.723,286.8282,287.24,288.1261,288.9402,289.6546,289.9735,289.8156,289.0096,287.9942,286.9211,286.3606,288.132225
2031,286.3759,286.844,287.3126,288.1469,289.1799,289.7209,290.1122,289.8243,289.013,287.912,287.1058,286.4941,288.170133333333
2032,286.7545,287.1227,287.5092,288.4118,289.3096,289.9387,289.9943,289.8589,289.09,287.9041,286.741,286.3814,288.25135
2033,286.292,286.403,287.2743,288.3986,289.1887,289.6905,289.8653,289.8984,289.01,287.9796,286.8652,286.3972,288.105233333333
2034,286.6736,286.9754,287.3424,288.2909,289.1125,289.783,290.0484,289.7918,289.0313,288.0513,287.1034,286.4066,288.21755
2035,286.7814,287.0574,287.5327,288.3018,289.1433,289.7445,289.9119,289.866,289.241,288.1684,287.3167,286.9961,288.338433333333
2036,286.9325,287.2278,287.9131,288.5713,289.4818,290.2067,290.4298,290.0495,289.3531,288.2573,287.253,286.6872,288.530258333333
2037,286.6508,287.0682,287.6212,288.4053,289.2507,289.7135,290.052,289.7509,289.1757,288.0772,287.1277,286.4274,288.276716666667
2038,286.5576,286.7694,287.5669,288.2371,289.2717,289.7145,290.1461,290.046,289.2757,288.377,287.4345,286.9756,288.364341666667
2039,286.8941,287.3124,288.1111,288.7528,289.5514,290.1951,290.3054,290.1876,289.4272,288.2911,287.0554,286.4691,288.546058333333
2040,286.5708,286.6578,287.5078,288.3477,289.3019,289.8768,290.0344,289.9937,289.3693,288.278,287.3021,286.6845,288.327066666667
2041,286.8384,287.1198,287.6929,288.6242,289.5298,290.0964,290.2618,290.1406,289.4075,288.4547,287.3739,286.9738,288.542816666667
2042,287.0749,287.5155,287.8213,288.6427,289.5494,290.1367,290.3331,290.1466,289.3868,288.3852,287.3668,286.9085,288.605625
2043,286.9529,287.1289,287.8374,288.6291,289.4797,290.0609,290.3593,290.1868,289.4995,288.5976,287.5775,287.1142,288.61865
2044,286.9932,287.2532,288.0771,288.7094,289.7388,290.2319,290.5165,290.396,289.4715,288.5803,287.6078,287.2021,288.731483333333
2045,287.3596,287.9085,288.1502,288.8883,289.7058,290.3513,290.6494,290.4709,289.5192,288.5275,287.8029,287.472,288.900466666667
2046,287.4837,287.735,287.9912,288.7017,289.5271,290.2301,290.3225,290.1783,289.4786,288.3966,287.5461,287.0237,288.717883333333
2047,286.9273,287.2582,287.7651,288.6064,289.5135,290.0211,290.3767,290.2937,289.6052,288.7209,287.6001,287.12,288.650683333333
2048,287.2704,287.5255,288.2183,288.7609,289.4807,290.2841,290.4644,290.2899,289.5617,288.6544,287.7188,287.2169,288.787166666667
2049,287.1327,287.4272,287.9604,288.7371,289.4613,290.1301,290.3446,290.1548,289.5476,288.5301,287.51,287.1729,288.675733333333
2050,287.2473,287.523,288.0854,288.8366,289.6796,290.2121,290.5814,290.345,289.6837,288.667,287.6254,287.2214,288.808991666667
2051,287.4923,287.7057,288.2189,289.107,290.1811,290.5704,290.8346,290.5825,289.7217,288.7425,287.8736,287.186,289.018025
2052,287.3051,287.5081,287.8683,288.6269,289.4778,290.0414,290.5056,290.3675,289.6768,288.5698,287.6571,287.2865,288.740908333333
2053,287.2999,287.6083,288.1239,288.8858,289.737,290.4919,290.6898,290.4489,289.7706,288.7487,287.891,287.6234,288.943266666667
2054,287.6606,288.0317,288.3535,289.222,290.066,290.8001,290.838,290.6017,289.9029,288.9261,288.0267,287.4529,289.15685
2055,287.5164,287.7013,288.2621,289.0936,289.8875,290.3847,290.6792,290.3792,289.6353,288.6301,287.5317,287.1677,288.905733333333
2056,287.2328,287.3647,287.9719,288.9261,289.6528,290.3342,290.6381,290.5785,289.7618,288.8044,287.9291,287.4359,288.885858333333
2057,287.4799,287.4812,288.0504,288.8894,289.7558,290.6162,290.8615,290.6248,289.8324,288.8186,288.0518,287.601,289.00525
2058,287.738,287.9036,288.3991,289.1655,290.0331,290.7224,290.9075,290.6925,289.9161,289.0054,288.0798,287.4789,289.170158333333
2059,287.5407,287.7443,288.3808,289.0519,289.7675,290.311,290.6231,290.4975,289.771,288.8179,287.7855,287.1724,288.9553
2060,287.2663,287.5471,288.0937,289.0917,289.751,290.5666,290.8581,290.6075,290.0308,289.0773,288.0531,287.4991,289.036858333333
2061,287.4181,287.9345,288.3181,289.1678,290.0424,290.6014,290.9155,290.7237,289.8422,289.0397,288.2328,287.5849,289.151758333333
2062,287.6982,287.8354,288.327,289.1478,290.0821,290.6302,290.9028,290.7864,290.0638,289.1263,288.088,287.4407,289.177391666667
2063,287.4922,287.5923,288.6379,289.391,290.1516,290.8662,291.2728,290.9324,290.2736,289.2083,288.4218,288.0492,289.357441666667
2064,287.9442,288.2553,288.7774,289.541,290.2005,290.8013,291.0122,290.8164,290.0176,288.9597,288.1559,287.5733,289.3379
2065,287.538,287.9337,288.4504,289.2283,290.1217,290.7041,290.9706,290.8384,290.1268,289.1007,288.1745,287.6174,289.233716666667
2066,287.6521,287.9687,288.2668,289.1696,290.1346,290.5995,290.8962,290.8194,290.2415,289.3164,288.2849,287.6339,289.248633333333
2067,287.89,288.0599,288.7032,289.6906,290.4417,290.8848,291.2233,291.054,290.2975,289.1367,288.2769,287.5701,289.435725
2068,287.6426,287.7993,288.5024,289.4318,290.3221,290.8311,291.011,290.9728,290.3461,289.1812,288.3633,287.7878,289.349291666667
2069,287.8643,288.2189,288.847,289.5152,290.4299,291.0178,291.2457,291.1313,290.5489,289.6743,288.7885,288.2479,289.627475
2070,288.168,288.514,289.0521,289.7565,290.5707,291.1573,291.3163,291.0278,290.3142,289.3646,288.3445,287.8275,289.617791666667
2071,287.7757,287.9994,288.5414,289.3491,290.3724,290.8628,291.2989,291.0374,290.3557,289.2477,288.258,287.7728,289.405941666667
2072,287.849,288.2327,288.9436,289.5333,290.321,291.0387,291.2404,290.9989,290.3898,289.4349,288.5364,287.9281,289.537233333333
2073,287.8839,288.4758,288.8449,289.4995,290.3788,291.0526,291.4166,291.232,290.507,289.3972,288.5737,288.1324,289.6162
2074,288.0107,288.497,288.9283,289.6266,290.4356,290.937,291.2513,290.9999,290.2814,289.1981,288.5102,287.9383,289.5512
2075,288.0596,288.2728,288.7767,289.4424,290.3815,291.0277,291.2951,291.2739,290.6129,289.5532,288.7114,287.9977,289.617075
2076,288.2647,288.2834,288.9103,289.7068,290.4913,291.0384,291.4004,291.1527,290.3822,289.4835,288.5237,287.929,289.630533333333
2077,288.0662,288.2365,288.703,289.547,290.4256,291.0052,291.3018,291.2368,290.6758,289.5724,288.8573,288.3013,289.660741666667
2078,288.4089,288.6661,289.2523,289.9528,290.8429,291.3715,291.688,291.416,290.7258,289.5284,288.6693,288.2034,289.893783333333
2079,288.1307,288.2972,288.7283,289.7959,290.6053,291.1405,291.6036,291.5205,290.7111,289.6781,288.8873,288.0828,289.765108333333
2080,288.2733,288.5116,288.8966,289.8022,290.7699,291.2769,291.5851,291.4801,290.863,289.8515,289.0201,288.455,289.898775
2081,288.4973,288.812,289.2753,289.9628,290.873,291.4575,291.7669,291.5227,290.7644,289.7681,288.897,288.2688,289.988816666667
2082,288.2952,288.7071,289.0178,289.8963,290.8566,291.47,291.6808,291.5425,290.8418,289.8059,288.9163,288.3434,289.947808333333
2083,288.1844,288.5201,289.1825,289.9008,290.6849,291.302,291.7076,291.4167,290.6248,289.7047,288.6635,288.1968,289.840733333333
2084,288.1836,288.641,289.2047,289.9854,290.6325,291.2107,291.5358,291.4382,290.7952,289.7182,288.8887,288.5378,289.89765
2085,288.4568,288.5275,289.2146,289.9728,290.9766,291.4266,291.6365,291.5228,290.879,289.883,289.0602,288.3823,289.994891666667
2086,288.5496,288.9567,289.3108,289.9609,290.8439,291.4683,291.8593,291.5837,290.8996,289.8392,289.0731,288.4787,290.06865
2087,288.5325,288.6593,289.2238,290.011,290.7939,291.4204,291.7769,291.6128,290.8562,289.9347,288.9786,288.4647,290.022066666667
2088,288.4909,288.6414,289.4166,290.1252,290.8546,291.4604,291.6001,291.3887,290.7291,289.8143,288.7798,288.5216,289.985225
2089,288.5305,288.8875,289.3373,290.123,290.9007,291.4799,291.8531,291.703,290.8832,290.087,288.9901,288.5546,290.110825
2090,288.6302,289.0164,289.2663,289.9724,290.931,291.5182,291.7333,291.4834,290.8287,289.7008,288.9874,288.6251,290.057766666667
2091,288.5099,288.8048,289.3383,290.1895,290.9751,291.5123,291.868,291.7043,291.0481,289.8897,289.0324,288.5705,290.120241666667
2092,288.4394,288.8689,289.4813,290.1257,291.0805,291.6895,291.9491,291.6871,291.1013,290.1432,289.3582,288.8942,290.234866666667
2093,288.8135,288.9866,289.6827,290.3339,291.2596,291.8705,292.2322,291.9498,291.3847,290.3431,289.3493,289.0472,290.437758333333
2094,288.9245,289.0836,289.6182,290.1953,291.0294,291.7011,291.9467,291.8868,291.3164,290.247,289.2996,288.6555,290.325341666667
2095,288.9423,289.1266,289.6346,290.4243,291.1735,291.75,291.9855,292.008,291.2655,290.3057,289.531,289.0062,290.429433333333
2096,289.1442,289.3031,289.6248,290.3864,291.2492,291.8822,292.2145,292.1031,291.2941,290.3602,289.6541,289.0477,290.521966666667
2097,289.0917,289.3829,289.7434,290.5743,291.32,292.041,292.1302,292.1492,291.3651,290.2537,289.4467,288.9462,290.537033333333
2098,289.0554,289.41,289.6656,290.4557,291.2392,291.9309,292.2289,292.1148,291.3561,290.3774,289.465,288.9594,290.521533333333
2099,289.1371,289.253,289.7542,290.536,291.3244,291.9552,292.2658,292.0881,291.2902,290.3286,289.4445,288.9251,290.525183333333
2100,288.8912,289.3317,289.7772,290.4337,291.288,291.9492,292.2392,291.8468,291.1505,290.2743,289.3726,288.9553,290.459141666667
2101,288.9566,289.0113,289.5625,290.4292,291.2493,291.7646,292.1277,291.8704,291.399,290.5517,289.6149,289.0701,290.467275
2102,288.9604,289.2572,289.7629,290.6731,291.4181,291.9561,292.2165,292.0721,291.3887,290.601,289.8122,289.1605,290.606566666667
2103,289.2208,289.2322,289.8139,290.4838,291.4131,292.0619,292.3662,292.217,291.6345,290.5839,289.7818,289.1246,290.661141666667
2104,289.0938,289.4501,289.9343,290.6173,291.4782,292.2246,292.4038,292.2691,291.4845,290.5524,289.719,289.0157,290.6869
2105,289.2085,289.5363,289.7796,290.6374,291.6328,292.1409,292.3732,292.2312,291.4666,290.5887,289.7379,289.2449,290.714833333333
2106,289.2548,289.4197,290.0552,290.9091,291.5638,292.0461,292.5113,292.3165,291.6781,290.6303,289.8351,289.4572,290.806433333333
2107,289.3524,289.4922,289.9698,290.7741,291.5303,292.1288,292.5028,292.3251,291.7206,290.599,289.7776,289.3906,290.796941666667
2108,289.4776,289.4236,290.0568,290.808,291.5672,292.1757,292.4656,292.3739,291.7807,290.7765,289.8204,289.3435,290.839125
2109,289.1494,289.4382,290.0072,290.9363,291.6168,292.1888,292.5042,292.3872,291.6029,290.6806,289.8021,289.441,290.812891666667
2110,289.4801,289.5916,290.1438,290.8517,291.696,292.2307,292.632,292.5668,291.8171,290.8812,289.9537,289.4418,290.940541666667
2111,289.4078,289.483,290.0052,290.997,291.7224,292.421,292.5886,292.4417,291.878,290.9377,289.9354,289.46,290.939816666667
2112,289.4306,289.7387,290.1947,290.9992,291.8735,292.4248,292.7429,292.5712,291.7725,290.8175,289.8019,289.2137,290.9651
2113,289.4139,289.7127,290.1501,290.8269,291.6937,292.2645,292.5964,292.5173,291.7701,290.7603,289.9072,289.3676,290.915058333333
2114,289.6074,289.8439,290.416,291.0149,291.9106,292.5417,292.8069,292.7201,291.9972,290.8474,289.9577,289.5803,291.103675
2115,289.6776,289.9951,290.2312,291.1068,291.9266,292.3283,292.6432,292.6868,291.8596,290.8819,289.9557,289.3206,291.051116666667
2116,289.4208,289.7307,290.1241,290.8562,291.7544,292.531,292.8391,292.7295,292.0313,291.0362,290.1951,289.596,291.070366666667
2117,289.6817,289.8419,290.4936,291.2741,291.9507,292.4907,292.8971,292.6734,291.9543,290.9565,290.0169,289.5869,291.151483333333
2118,289.6493,289.9368,290.3819,291.1853,291.9612,292.5345,292.9386,292.8163,292.1264,291.1529,290.414,289.7994,291.241383333333
2119,289.6148,290.0834,290.5512,291.2155,292.2678,292.7597,293.1168,292.8582,292.1215,291.2874,290.3468,289.9573,291.348366666667
2120,289.8054,290.0423,290.4827,291.1999,291.9232,292.5138,292.9601,292.8662,292.1535,291.2499,290.3176,289.7579,291.272708333333
2121,289.8062,289.9279,290.4198,291.1825,291.9767,292.6938,292.9496,292.8333,292.2114,291.1747,290.3207,290.0668,291.29695
2122,290.1865,290.0837,290.6152,291.3943,292.2345,292.8972,293.1709,293.0388,292.3896,291.2923,290.5649,290.0642,291.494341666667
2123,289.9052,289.9427,290.614,291.2685,292.1107,292.6601,293.1201,293.1266,292.3465,291.3844,290.4536,290.032,291.4137
2124,289.975,290.1785,290.8531,291.3329,292.2735,292.7925,293.1741,293.0874,292.3799,291.373,290.4197,290.0395,291.489925
2125,290.168,290.4336,290.7169,291.4354,292.2549,292.7681,293.19,293.0753,292.3061,291.2626,290.5291,289.9623,291.508525
2126,290.1921,290.4166,290.7211,291.5234,292.2336,292.9894,293.274,293.1614,292.3763,291.3875,290.5862,290.2032,291.588733333333
2127,290.216,290.1899,290.7072,291.626,292.3374,293.008,293.201,293.138,292.3836,291.3444,290.535,290.1414,291.568991666667
2128,290.0185,290.1812,290.6243,291.3904,292.3471,292.9438,293.3454,293.2379,292.4698,291.5864,290.5972,290.0493,291.565941666667
2129,289.9412,290.4272,290.9514,291.5476,292.3284,293.0028,293.3171,293.1123,292.5187,291.3709,290.6033,290.2983,291.618266666667
2130,290.2809,290.4456,290.9837,291.5964,292.4468,293.1398,293.4887,293.3848,292.7711,291.6658,290.94,290.4988,291.803533333333
2131,290.4488,290.5207,290.7957,291.5708,292.4312,292.949,293.3128,293.2819,292.644,291.5929,290.6786,290.264,291.707533333333
2132,290.1765,290.4039,290.8672,291.7843,292.4857,293.0793,293.468,293.5003,292.817,291.8324,290.8141,290.4426,291.805941666667
2133,290.5833,290.7658,291.0124,291.685,292.5261,293.265,293.8206,293.5951,292.8349,291.7539,290.8643,290.5464,291.937733333333
2134,290.4703,290.6487,291.2789,291.7617,292.5484,293.2513,293.601,293.4293,292.6451,291.633,290.9418,290.408,291.884791666667
2135,290.6147,290.5358,290.9854,291.5546,292.5248,293.1031,293.4526,293.2462,292.486,291.4857,290.5224,290.211,291.726858333333
2136,290.1636,290.2403,290.7917,291.5445,292.4388,293.1366,293.4363,293.3065,292.6111,291.683,290.8476,290.4007,291.716725
2137,290.6335,290.8562,291.1005,291.7247,292.4158,293.0829,293.5383,293.2924,292.5147,291.5754,290.7118,290.2344,291.806716666667
2138,290.2784,290.3077,290.7504,291.5652,292.4256,293.068,293.4482,293.2379,292.5387,291.6911,290.6956,290.572,291.7149
2139,290.3204,290.4408,290.8516,291.6097,292.4723,293.1855,293.59,293.4876,292.7913,291.7582,291,290.5299,291.836441666667
2140,290.4408,290.6108,291.0366,291.8239,292.6961,293.3697,293.6053,293.5254,292.813,291.7878,291.0234,290.5793,291.942675
2141,290.7834,290.6281,291.2901,292.0845,292.7847,293.4166,293.7372,293.6725,292.895,291.9365,290.9974,290.3982,292.052016666667
2142,290.5802,290.6662,291.2029,292.0112,292.9212,293.4873,293.6793,293.5923,292.7719,291.839,291.1231,290.6373,292.042658333333
2143,290.6961,290.8145,291.2977,291.9701,292.7816,293.4654,293.8165,293.4998,292.9269,291.7328,290.9039,290.5092,292.034541666667
2144,290.6891,290.7474,290.9843,291.8395,292.9018,293.2888,293.685,293.7319,292.9896,292.0087,291.0734,290.6234,292.046908333333
2145,290.6233,290.7279,291.3842,292.0486,292.772,293.4487,293.8975,293.7489,293.0044,291.7938,291.0643,290.6534,292.09725
2146,290.4395,290.8972,291.1476,291.9333,292.837,293.436,293.7648,293.6588,292.8727,291.7833,290.9875,290.5919,292.029133333333
2147,290.7691,290.7187,291.2859,292.3253,292.8966,293.5269,293.9661,293.8432,292.9717,291.9597,291.3379,290.9006,292.208475
2148,290.9314,291.1511,291.4876,292.2562,292.9943,293.5537,293.8647,293.7224,293.1418,291.9751,291.1058,290.6928,292.239741666667
2149,290.8033,291.1099,291.2754,292.0078,292.8259,293.5789,293.9957,293.8885,293.2441,292.1479,291.2473,290.8049,292.244133333333
2150,290.8083,290.8985,291.3768,292.0919,292.7417,293.5518,293.9653,293.7594,293.1284,291.9698,291.2167,290.7955,292.192008333333
2151,290.8621,291.0166,291.3795,292.127,292.9424,293.536,294.0502,293.8729,293.084,292.0865,291.1666,290.6903,292.234508333333
2152,290.9073,291.0529,291.5053,292.1478,292.9491,293.5724,294.0176,293.85,293.2174,292.2257,291.3129,290.7889,292.295608333333
2153,291.0331,291.1547,291.5806,292.3911,293.1782,293.7017,294.0507,293.9804,293.1175,292.1549,291.2923,290.8163,292.370958333333
2154,290.8203,291.1497,291.6701,292.2483,293.0305,293.6775,294.0374,293.9084,293.1943,292.1011,291.2687,290.933,292.336608333333
2155,290.6126,291.0414,291.6302,292.1739,293.0301,293.7338,294.0047,293.9708,293.3914,292.3536,291.4558,291.0257,292.368666666667
2156,291.1075,291.1581,291.6524,292.1727,293.0578,293.6566,294.2393,294.1127,293.4201,292.283,291.4584,291.2039,292.460208333333
2157,291.3895,291.4225,291.852,292.4778,293.2553,293.8774,294.3087,294.1361,293.3916,292.3012,291.5573,290.9706,292.578333333333
2158,291.2125,291.6343,291.8533,292.5464,293.2263,293.8466,294.2878,294.1102,293.2686,292.3059,291.2948,290.9088,292.541291666667
2159,291.1119,291.4371,291.5911,292.2649,292.9921,293.6982,294.155,294.1018,293.3345,292.4625,291.5001,291.2183,292.488958333333
2160,291.3668,291.603,291.9791,292.6256,293.3543,293.8933,294.3128,294.1294,293.4758,292.4015,291.6288,291.3156,292.673833333333
2161,291.3758,291.4507,291.9038,292.4032,293.2493,293.9209,294.2685,293.9887,293.1797,292.2084,291.4693,291.1584,292.548058333333
2162,291.291,291.4286,291.6827,292.4705,293.2615,293.8388,294.2807,294.1264,293.4804,292.3673,291.6384,291.3077,292.597833333333
2163,291.2722,291.5357,291.8721,292.6331,293.4582,294.1927,294.5309,294.5128,293.5866,292.4396,291.5567,291.1671,292.729808333333
2164,291.041,291.3588,291.6982,292.4319,293.2792,293.9891,294.2967,294.3077,293.6201,292.5274,291.5921,291.2489,292.615925
2165,291.2458,291.6107,291.9191,292.478,293.3415,294.0931,294.4267,294.2299,293.6355,292.5299,291.4274,291.0923,292.669158333333
2166,291.1384,291.5369,291.8716,292.4032,293.3343,294.0317,294.4599,294.4632,293.6379,292.5232,291.5084,291.3165,292.685433333333
2167,291.2421,291.5801,292.0844,292.6998,293.3571,294.0026,294.4437,294.2565,293.5066,292.5651,291.6756,291.2988,292.726033333333
2168,291.2033,291.8169,291.9445,292.5653,293.297,293.988,294.4251,294.2867,293.6134,292.6719,291.7148,291.293,292.734991666667
2169,291.4222,291.5374,291.9639,292.7186,293.5579,294.2667,294.7123,294.4633,293.5745,292.6187,291.8482,291.1915,292.822933333333
2170,291.2859,291.3344,291.955,292.7236,293.3438,294.1456,294.5624,294.4101,293.5859,292.635,291.8629,291.4622,292.775566666667
2171,291.3834,291.5046,291.9199,292.5457,293.4268,293.942,294.4153,294.3345,293.5301,292.3982,291.6715,291.3727,292.703725
2172,291.424,291.4344,292.0355,292.8725,293.6434,294.2436,294.501,294.4235,293.5954,292.5502,291.7869,291.2905,292.816741666667
2173,291.3467,291.6773,291.8734,292.5882,293.3494,294.0157,294.418,294.2695,293.7312,292.5672,291.6937,291.3844,292.742891666667
2174,291.3007,291.5563,291.7807,292.4235,293.3026,294.0474,294.3846,294.4028,293.634,292.6397,291.7674,291.354,292.716141666667
2175,291.4215,291.6581,292.163,292.831,293.5105,294.0216,294.4647,294.3169,293.6442,292.5117,291.6649,291.1766,292.782058333333
2176,291.2233,291.5252,291.9113,292.5914,293.2871,294.0205,294.5554,294.494,293.8199,292.8767,291.9542,291.6457,292.825391666667
2177,291.6219,291.9168,292.3401,293.0679,293.6747,294.2657,294.6523,294.4356,293.68,292.6509,291.86,291.315,292.956741666667
2178,291.5352,291.5545,291.9017,292.6092,293.3846,294.0703,294.4439,294.3747,293.7386,292.701,291.9026,291.3598,292.798008333333
2179,291.3445,291.665,292.0564,292.7874,293.5976,294.227,294.6735,294.6251,293.856,292.7862,291.956,291.4486,292.918608333333
2180,291.8083,291.9406,292.2753,292.8832,293.6509,294.2409,294.6795,294.4766,293.765,292.8164,291.95,291.3698,292.988041666667
2181,291.5407,291.6989,292.061,292.757,293.4794,294.2335,294.5944,294.5676,293.7476,292.7139,292.061,291.7905,292.937125
2182,291.5474,291.7963,292.0429,292.7082,293.4532,294.178,294.6579,294.3909,293.7206,292.6602,291.7776,291.3474,292.856716666667
2183,291.309,291.5999,291.9783,292.675,293.5309,294.1379,294.4408,294.3699,293.571,292.7197,291.7564,291.3512,292.786666666667
2184,291.2686,291.291,291.9384,292.5399,293.3384,294.161,294.5522,294.5496,293.7432,292.6873,291.9928,291.6296,292.807666666667
2185,291.6101,291.9626,292.2366,292.8438,293.7119,294.3093,294.7522,294.6599,293.8723,292.9865,291.9686,291.6075,293.043441666667
2186,291.6708,292.0002,292.4545,292.8712,293.7316,294.3904,294.8285,294.7649,294.0859,293.1266,292.0358,291.5963,293.129725
2187,291.7381,291.8411,292.3094,292.847,293.6249,294.2704,294.7034,294.5064,293.9854,292.8224,291.8667,291.3459,292.988425
2188,291.3721,291.6111,292.0045,292.6632,293.4864,294.2339,294.6164,294.4561,293.7359,292.7384,292.0167,291.3899,292.860383333333
2189,291.3897,291.4401,292.1785,292.7697,293.6928,294.4204,294.8482,294.8045,294.0119,292.9853,292.0667,291.601,293.0174
2190,291.7805,292.2029,292.3889,292.9001,293.7398,294.6207,295.1038,294.9862,294.109,293.1022,292.1219,291.6787,293.227891666667
2191,291.8275,291.8633,292.1796,293.0128,293.8382,294.5362,294.9294,294.7979,293.9472,292.9323,292.1317,291.7245,293.143383333333
2192,291.8722,291.9733,292.3382,292.9944,293.7388,294.3508,294.7452,294.6191,293.9713,292.8545,291.8879,291.5413,293.073916666667
2193,291.6353,291.9009,292.3529,292.8486,293.5901,294.4884,294.8116,294.69,294.0866,292.9692,292.2049,291.9651,293.128633333333
2194,292.1261,292.3242,292.455,293.116,293.8831,294.618,294.9671,294.8919,294.1381,293.1149,292.1879,291.9597,293.315166666667
2195,291.8308,292.0362,292.2811,292.9263,293.8628,294.4762,294.7694,294.7093,293.9443,292.9493,292.0325,291.595,293.117766666667
2196,291.4138,291.7621,292.1457,293.0321,293.8984,294.4042,294.8401,294.7987,293.9199,292.7952,292.0984,291.7411,293.070808333333
2197,291.7579,291.9472,292.5749,293.0693,293.8179,294.5221,294.9678,294.9296,294.243,293.2004,292.3365,291.9876,293.279516666667
2198,292.1073,292.3505,292.6442,293.2847,293.8808,294.5428,294.9814,294.9238,294.1564,293.116,292.1482,291.5431,293.3066
2199,291.6005,291.9738,292.2131,292.8333,293.9741,294.5501,295.018,294.9854,294.1611,293.1288,292.2537,291.8427,293.211216666667
2200,291.8981,292.1874,292.6155,293.1453,293.9096,294.7074,294.9903,294.8749,294.0281,293.0195,292.2816,291.6598,293.276458333333
